{"cameraMode":{"drawMode":0,"name":"Shaded","section":"Shading Mode"},"sceneLighting":false,"audioPlay":false,"sceneViewState":{"m_AlwaysRefresh":false,"showFog":true,"showSkybox":true,"showFlares":true,"showImageEffects":true,"showParticleSystems":true,"showVisualEffectGraphs":true,"m_FxEnabled":true},"in2DMode":false,"pivot":{"x":710.8644409179688,"y":1488.412353515625,"z":21.2056884765625},"rotation":{"x":-0.016999315470457078,"y":-0.000999807845801115,"z":-0.000017081374608096667,"w":0.9998621940612793},"size":628.0004272460938,"orthographic":false}